id,first_name,last_name,email,gender,ip_address
1,Sisile,Stockport,sstockport0@ebay.com,Female,164.111.171.240
2,Bearnard,Gronw,bgronw1@mit.edu,Male,21.192.149.213
3,Filbert,Gommery,fgommery2@elpais.com,Male,204.88.209.34
4,Pembroke,Thiese,pthiese3@123-reg.co.uk,Male,125.159.162.175
5,Lou,Elloy,lelloy4@theglobeandmail.com,Male,68.1.160.157
6,Gabbie,Boyington,gboyington5@webnode.com,Male,122.77.38.79
7,Helaine,Shobbrook,hshobbrook6@mozilla.org,Female,14.250.34.47
8,Cyndy,Pavlovic,cpavlovic7@sciencedaily.com,Female,122.137.234.195
9,Sam,Briat,sbriat8@microsoft.com,Female,185.86.236.96
10,Liliane,Dellenty,ldellenty9@eepurl.com,Female,15.0.236.179
